53.63312,9.993843,Hamburg Airport, La,0
53.73312,9.993843,Campo Creek,0
53.63312,10.001,Sweetwater River,0
